[{"PROJECT ADDRESS": "1066 Market Street", "CASE #": "2013.1753!", "Consultant": "CHS Consulting Group", "TIS/Circ Memo?": "TIS", "Recommended TDM Measures": "", "Significant Impacts if any?": "No ", "Recommended Improvement Measures": "", "Recommended Mitigation Measures": ""}, {"PROJECT ADDRESS": "302 Silver Ave", "CASE #": "2011.1323!", "Consultant": "ESA", "TIS/Circ Memo?": "TIS", "Recommended TDM Measures": "", "Significant Impacts if any?": "No ", "Recommended Improvement Measures": "", "Recommended Mitigation Measures": ""}, {"PROJECT ADDRESS": "1601 Mission Street", "CASE #": "2014.1121E", "Consultant": "CHS Consulting Group", "TIS/Circ Memo?": "TIS", "Recommended TDM Measures": "", "Significant Impacts if any?": "No ", "Recommended Improvement Measures": "", "Recommended Mitigation Measures": ""}, {"PROJECT ADDRESS": "Pier 70 -Waterfront Site (Forest City)", "CASE #": "2014-001272ENV", "Consultant": "Fehr&Peers", "TIS/Circ Memo?": "TIS", "Recommended TDM Measures": "", "Significant Impacts if any?": "Yes", "Recommended Improvement Measures": "", "Recommended Mitigation Measures": "Mitigation Measure TR-2: Improve Pedestrian Facilities at Adjacent Streets to Project\nAs part of Project construction, install ADA curb ramps, continental crosswalks, pedestrian\nsignals and/or other pedestrian safety solutions at the intersection of 22nd Street and Illinois\nStreet and the intersection of 20th Street and Illinois Street and widen the sidewalk between 22nd Street and 20th\nStreet on the east side of Illinois Street to ten feet, minimum. The relocation of obstructions such as fire hydrants\nand power poles should be considered (if feasible) to ensure an accessible path of travel is provided to and\nfrom the Project."}, {"PROJECT ADDRESS": "Crane Cove Park/19th Street Extension", "CASE #": "2015-001314ENV", "Consultant": "CHS Consulting Group", "TIS/Circ Memo?": "TIS", "Recommended TDM Measures": "", "Significant Impacts if any?": "No ", "Recommended Improvement Measures": "", "Recommended Mitigation Measures": ""}, {"PROJECT ADDRESS": "1699 Market Street", "CASE #": "2014.0484!", "Consultant": "Adavant Consulting", "TIS/Circ Memo?": "TIS", "Recommended TDM Measures": "", "Significant Impacts if any?": "No ", "Recommended Improvement Measures": "", "Recommended Mitigation Measures": ""}, {"PROJECT ADDRESS": "1515 South Van Ness Ave", "CASE #": "2014.1020E", "Consultant": "Fehr & Peers", "TIS/Circ Memo?": "TIS", "Recommended TDM Measures": "", "Significant Impacts if any?": "No ", "Recommended Improvement Measures": "Improvement Measure TR-2: Queue Abatement Conditions of Approval\nThe owner/operator of the off-street parking facility shall ensure that recurring vehicle queues do not\noccur on the public right-of-way. A vehicle queue is defined as one or more vehicles (destined for the\nparking facility) blocking any portion of any public street, alley or sidewalk for a consecutive period of\nthree minutes or longer on a daily or weekly basis.\nIf a recurring queue occurs, the owner/operator of the parking facility shall employ abatement methods as\nneeded to abate the queue. Suggested abatement methods include but are not limited to the following:\nredesign of facility to improve vehicle circulation and/or on-site queue capacity; employment of parking\nattendants; use of valet parking or other space-efficient parking techniques; use of off-site parking\nfacilities or shared parking with nearby uses; use of parking occupancy sensors and signage directing\ndrivers to available spaces; or travel demand management strategies such as additional bicycle parking.\nIf the Planning Director, or his or her designee, suspects that a recurring queue is present, the Planning\nDepartment shall notify the property owner in writing. Upon request, the owner/operator shall hire a\nqualified transportation consultant to evaluate the conditions at the site for no less than seven days. The\nconsultant shall prepare a monitoring report to be submitted to the Planning Department for review. If\nthe Planning Department determines that a recurring queue does exist, the facility owner/operator shall\nhave 90 days from the date of the written determination to abate the queue.", "Recommended Mitigation Measures": ""}, {"PROJECT ADDRESS": "", "CASE #": "", "Consultant": "", "TIS/Circ Memo?": "", "Recommended TDM Measures": "", "Significant Impacts if any?": "", "Recommended Improvement Measures": "", "Recommended Mitigation Measures": ""}, {"PROJECT ADDRESS": "", "CASE #": "* Each of these cases have multiple measures associated with the development. I have only marked up a couple of examples here. You can enter these addresses in TIM to obtain exact locations. ", "Consultant": "", "TIS/Circ Memo?": "", "Recommended TDM Measures": "", "Significant Impacts if any?": "", "Recommended Improvement Measures": "", "Recommended Mitigation Measures": ""}]